modelo,rmse,r2
Best_Reg,0.11307630234506394,0.9940062487772858
